session_id,unit_id,channel,depth,n_spikes_unit,session_duration_sec,trough_to_peak,repolarization_time,firing_rate,fano_factor,cv_isi,burst_index
2023-09-20_230920_140130,76,46,875.0,42404,10332.142933333333,0.10244677470606937,0.0363520813473149,4.104085693897744,1.2916461349979318,1.8893410243812463,0.9126155661372428
2023-09-20_230920_140130,94,40,1175.0,324173,10332.142933333333,0.2379408960915158,0.07931363203050523,31.375195067633083,1.9515286255513433,1.656353791364453,0.3831811616469101
2023-09-20_230920_140130,109,34,1475.0,141934,10332.142933333333,0.3436924054655228,0.20489354941213853,13.737130904576983,3.4151267210532876,2.9552401853473955,4.538663272021875
2023-09-20_230920_140130,248,62,75.0,18510,10332.142933333333,0.7468700349539243,0.26768350810295516,1.791496703000831,2.1912439666885315,4.006595079624957,0.09087949957703804
2023-09-20_230920_140130,249,62,75.0,69247,10332.142933333333,0.7600889736256752,0.2742929774388306,6.702094661950219,1.7441739316552707,1.4922589368427412,2.024524835241198
2023-09-20_230920_140130,257,61,125.0,142624,10332.142933333333,0.17845567206863688,0.11566571337782013,13.803912791398732,2.766352480048516,2.1627077017689125,1.3083904836103504
2023-09-20_230920_140130,268,60,175.0,279904,10332.142933333333,0.6477279949157928,0.3602160788052113,27.090604708630178,2.6692618700164044,1.561329675251317,1.1547933513573545
2023-09-20_230920_140130,271,59,225.0,200293,10332.142933333333,0.6477279949157928,0.26768350810295516,19.385426749548646,1.4935262769360258,1.2907571468250671,0.7725963522682753
2023-09-20_230920_140130,272,58,275.0,270974,10332.142933333333,0.6543374642516683,0.2842071814426438,26.22631159367624,2.050856478531801,2.8639728788515417,0.9109379870141958
2023-09-20_230920_140130,274,57,325.0,74068,10332.142933333333,0.8493168096599937,0.3668255481410869,7.168696801613482,2.034524277062846,2.174357907242773,1.0875345127005651
2023-09-20_230920_140130,276,56,375.0,191677,10332.142933333333,0.7964410549729902,0.34038767079758514,18.551524232365765,2.3247468732976544,1.5147734375867943,1.8763441927680689
2023-09-20_230920_140130,277,56,375.0,25064,10332.142933333333,0.16193199872894828,0.09914204003813154,2.4258278424642263,2.357240657150436,2.335952778781151,4.474503001702619
2023-09-20_230920_140130,280,53,525.0,360411,10332.142933333333,0.8889736256752463,0.21150301874801394,34.882502335236765,2.1347298840291002,1.2276010235345058,1.2032757477662177
2023-09-20_230920_140130,281,51,625.0,42873,10332.142933333333,0.33708293612964735,0.13549412138544642,4.149478019867889,4.391595385482221,4.4814518955120395,25.048892080506267
2023-09-20_230920_140130,283,49,725.0,102334,10332.142933333333,0.9286304416904989,0.2577693040991422,9.904431313067912,2.384227836620472,1.8955250660311076,2.887587616218503
2023-09-20_230920_140130,287,13,2525.0,30968,10332.142933333333,0.29742612011439473,0.0925325707022561,2.9972485088346694,1.6756444502548047,3.408440965284818,0.48413126374709675
2023-09-20_230920_140130,289,30,1675.0,50987,10332.142933333333,0.7369558309501112,0.2742929774388306,4.934794294754369,1.5279553567931445,1.4662063695390934,2.5510333161459764
2023-09-20_230920_140130,290,47,825.0,163622,10332.142933333333,0.998029869717191,0.13549412138544642,15.836211428330738,2.963890336609681,1.6484585907993865,2.385670786506158
2023-09-20_230920_140130,291,47,825.0,52745,10332.142933333333,0.423006037496028,0.2842071814426438,5.1049429281349985,5.663074540504721,3.7693403993160834,10.44206373866615
2023-09-20_230920_140130,293,46,875.0,208781,10332.142933333333,0.6080711789005403,0.3602160788052113,20.20694074279938,3.786545315017455,3.762183674941086,2.5771414690379317
2023-09-20_230920_140130,294,46,875.0,56807,10332.142933333333,0.3139497934540833,0.13549412138544642,5.498084992294339,4.017601682905709,3.533967962151443,8.617512958349659
2023-09-20_230920_140130,296,43,1025.0,182830,10332.142933333333,0.8460120749920559,0.3271687321258343,17.695264300899076,2.2877215907801247,1.5312221651894278,1.6988013164704165
2023-09-20_230920_140130,297,42,1075.0,152870,10332.142933333333,0.7600889736256752,0.280902446774706,14.795575418030094,1.3125329601952733,1.1948359825231136,0.7571041386190532
2023-09-20_230920_140130,299,37,1325.0,212308,10332.142933333333,0.9418493803622497,0.22472195741976506,20.54830264833606,1.9049319759037513,1.3665896647265998,1.2306779875063507
2023-09-20_230920_140130,301,5,2925.0,5205,10332.142933333333,0.16193199872894828,0.05618048935494121,0.503767711459715,1.8107181203862377,9.09904370526429,20.08930775679679
2023-09-20_230920_140130,302,124,3000.0,19353,10332.142933333333,0.8493168096599937,0.22141722275182713,1.8730867473352286,1.2027075985561515,1.3685536729948524,1.9235692014444927
2023-09-20_230920_140130,305,3,3025.0,61467,10332.142933333333,0.20158881474420093,0.07931363203050523,5.949104691699194,1.801153240631661,2.314693548734616,1.260697175454061
2023-09-20_230920_140130,307,94,1500.0,92301,10332.142933333333,0.8460120749920559,0.33047346679377204,8.933383964542394,1.9712396176709293,1.5009959633429362,2.408760240902581
2023-09-20_230920_140130,308,93,1450.0,91304,10332.142933333333,0.2214172227518272,0.11236097870988242,8.836888977352126,2.3880151319852994,2.212474796314855,1.420632120793204
2023-09-20_230920_140130,310,16,2375.0,24351,10332.142933333333,0.19828408007626322,0.07931363203050523,2.356819892748419,1.254645970650892,1.2208207368751938,3.652973835749075
2023-09-20_230920_140130,311,116,2600.0,6997,10332.142933333333,0.763393708293613,0.2643787734350174,0.6772070465098224,1.0791991225648052,1.154683200896763,3.763429577913972
2023-09-20_230920_140130,312,32,1575.0,72414,10332.142933333333,0.8526215443279314,0.20489354941213853,7.008613843927725,1.540193260011586,1.4478737764192533,1.942552397280565
2023-09-20_230920_140130,314,100,1800.0,92243,10332.142933333333,0.8493168096599937,0.21150301874801394,8.927770414635638,1.6334534237568794,1.347662872161005,1.796113937230876
2023-09-20_230920_140130,315,10,2675.0,7335,10332.142933333333,0.7171274229424849,0.24455036542739114,0.7099204925181575,1.0800642338029036,1.258938061200777,2.4628043371235813
2023-09-20_230920_140130,319,101,1850.0,65533,10332.142933333333,0.6972990149348587,0.09914204003813154,6.342633897231413,1.9994188043459777,1.535101981102555,3.4762086482545205
2023-09-20_230920_140130,322,105,2050.0,28844,10332.142933333333,0.879059421671433,0.23133142675564025,2.7916764398355465,1.4379994112081926,1.3541351633801475,3.409991149285561
2023-09-20_230920_140130,324,20,2175.0,78301,10332.142933333333,0.19167461074038775,0.059485224022878924,7.578389159463429,1.1240066940136462,1.467577919100673,0.6570651763275491
2023-09-20_230920_140130,325,110,2300.0,21883,10332.142933333333,0.7832221163012394,0.3205592627899586,2.1179536656816413,1.1440050603018073,1.198014267402107,2.741833731703186
2023-09-21_230921_113113,79,81,850.0,59932,13332.8128,0.7964410549729902,0.2643787734350174,4.495075487747042,1.2863259648186103,8.209644884889038,1.5360962773316942
2023-09-21_230921_113113,86,82,900.0,108629,13332.8128,0.7931363203050524,0.2775977121067683,8.14749307812977,1.51032884840143,12.788587366927219,1.5291822138034685
2023-09-21_230921_113113,88,83,950.0,58155,13332.8128,0.7964410549729902,0.26107403876707974,4.361795284487907,1.2729250308779436,10.73896484884005,1.5065171546426221
2023-09-21_230921_113113,93,84,1000.0,52646,13332.8128,0.7931363203050524,0.26768350810295516,3.948604153506153,1.2626250544456303,11.822434014720479,1.5711562472965668
2023-09-21_230921_113113,112,89,1250.0,138522,13332.8128,0.7931363203050524,0.2643787734350174,10.389555608250946,1.6313485196314335,8.645563047444886,1.5170813767763867
2023-09-21_230921_113113,116,91,1350.0,94261,13332.8128,0.7898315856371148,0.2842071814426438,7.0698510069833125,1.4289453055350338,7.6942520116106365,1.507109563569349
2023-09-21_230921_113113,137,29,1725.0,22641,13332.8128,0.5948522402287894,0.386653956148713,1.6981412954361739,1.4012735569049102,1.448081896744056,4.200279856316694
2023-09-21_230921_113113,162,103,1950.0,25980,13332.8128,0.7666984429615507,0.23133142675564025,1.9485760724098669,1.4284678407921538,1.6320825195736952,4.335375916087462
2023-09-21_230921_113113,235,61,125.0,5871,13332.8128,0.20489354941213864,0.0727041626946298,0.44034219095913507,1.2114588403157993,2.726695457210544,10.766992324441723
2023-09-21_230921_113113,239,58,275.0,156938,13332.8128,0.19497934540832546,0.10244677470606926,11.770809532404146,1.2366991551675217,2.173987988242185,0.5986771552552402
2023-09-21_230921_113113,240,71,350.0,108907,13332.8128,0.7931363203050524,0.257769304099142,8.168343892145549,1.5304626506585248,10.481812511578562,1.5772196734020716
2023-09-21_230921_113113,242,118,2700.0,7370,13332.8128,0.7799173816333016,0.18836987607244993,0.5527715802024911,1.2038815406076218,1.4801278711112902,8.309262196014181
2023-09-21_230921_113113,243,2,3075.0,53419,13332.8128,0.40317762948840175,0.280902446774706,4.006581416938517,1.5503888538045874,1.923160287582171,0.901393868474325
2023-09-21_230921_113113,245,17,2325.0,29176,13332.8128,0.13218938671750885,0.07600889736256751,2.188285430663213,1.3239461303157363,2.7161564150699404,2.9829012455057238
2023-09-21_230921_113113,248,115,2550.0,4373,13332.8128,0.5948522402287894,0.2908166507785192,0.3279878046438933,1.0723921324792618,1.305467107018734,7.398166065507556
2023-09-21_230921_113113,252,114,2500.0,34462,13332.8128,0.7865268509691771,0.22472195741976483,2.584750908675475,1.294713680776353,1.3003198577753132,3.3989689509446936
2023-09-21_230921_113113,253,109,2250.0,35000,13332.8128,0.13879885605338427,0.08261836669844294,2.6251024840009753,1.3928609281514122,2.315211461958029,2.9361615467629023
2023-09-21_230921_113113,254,23,2025.0,20049,13332.8128,0.7865268509691771,0.20489354941213853,1.503733705763873,1.3403242754728892,1.5662076228217972,5.0010313816706224
2023-09-21_230921_113113,256,20,2175.0,33950,13332.8128,0.5188433428662218,0.30073085478233236,2.5463494094809462,1.5829494979504628,1.5155834346735342,5.336559500668403
2023-09-21_230921_113113,259,26,1875.0,164963,13332.8128,0.399872894820464,0.20489354941213853,12.372708030521512,3.4331995694096418,2.3464880561061285,3.0453076291867576
2023-09-21_230921_113113,260,28,1775.0,70727,13332.8128,0.399872894820464,0.26768350810295516,5.3047320967410565,2.704005334312373,1.7903993402406357,4.534226570050506
2023-09-21_230921_113113,266,102,1900.0,19144,13332.8128,0.8195741976485542,0.1850651414045122,1.4358560558204192,1.3884869686471542,1.6067974738752073,5.08248797714561
2023-09-21_230921_113113,268,102,1900.0,50101,13332.8128,0.2775977121067684,0.18176040673657448,3.757721701455225,3.8067587558994265,9.315468258706263,6.528536059188477
2023-09-21_230921_113113,272,73,450.0,106563,13332.8128,0.7898315856371148,0.2643787734350174,7.992537028645598,1.4959793351757718,13.878040910484195,1.4909443994205942
2023-09-21_230921_113113,273,52,575.0,122642,13332.8128,0.7006037496027964,0.3073403241182078,9.198509109795646,2.1772275099187137,1.8456657155906473,2.2970130865184153
2023-09-21_230921_113113,275,50,675.0,248630,13332.8128,0.28420718144264384,0.32386399745789635,18.647978017061785,2.646393747516783,1.6229453105898715,2.3010625272554273
2023-09-21_230921_113113,276,94,1500.0,77088,13332.8128,0.5419764855417859,0.3932634254845885,5.7818257224762055,1.9288996871207353,1.801078009383175,2.5562070557796726
2023-09-21_230921_113113,282,42,1075.0,346433,13332.8128,0.8757546870034953,0.2643787734350174,25.983489395426,5.070101051704675,1.7096577232307222,2.4668015574611055
2023-09-21_230921_113113,284,92,1400.0,122256,13332.8128,0.832793136320305,0.1850651414045122,9.169557979543521,2.666507527988595,1.8655078565822965,3.3326476865613683
2023-09-21_230921_113113,285,97,1650.0,191965,13332.8128,0.3436924054655228,0.1487130600571973,14.397937095464208,2.235244628978762,1.7542439121071365,1.6829681429746979
2023-09-21_230921_113113,286,48,775.0,424856,13332.8128,0.6179853829043533,0.3073403241182078,31.865444026934814,3.5085303997770105,1.6544601761733284,1.6804647118100273
2023-09-21_230921_113113,287,44,975.0,176018,13332.8128,0.7865268509691771,0.3337782014617095,13.201865400825248,2.337790353812109,1.5858428701550102,2.3866177294138597
2023-09-21_230921_113113,288,65,50.0,101214,13332.8128,0.7931363203050524,0.27098824277089284,7.591346366162135,1.504049569475814,6.834266371785025,1.6391142097427498
2023-09-23_230923_150303,8,66,100.0,42059,8144.273066666667,0.879059421671433,0.2676835081029554,5.164242364630603,1.2068408229497074,1.6716097388842661,1.360896179318971
2023-09-23_230923_150303,60,77,650.0,57473,8144.273066666667,0.8757546870034953,0.2676835081029554,7.0568606344044,1.2862115878754823,1.8196445115498796,1.320451192291703
2023-09-23_230923_150303,81,46,875.0,116113,8144.273066666667,0.7171274229424849,0.2742929774388306,14.257012142094515,5.311335248685382,3.5724813155443567,9.375481742138778
2023-09-23_230923_150303,82,82,900.0,35231,8144.273066666667,0.879059421671433,0.27759771210676853,4.325861830958909,1.1604395293706893,1.5513676465071455,1.2761686154131375
2023-09-23_230923_150303,87,83,950.0,35098,8144.273066666667,0.879059421671433,0.2709882427708931,4.30953133725968,1.1699043540227292,1.6275947564187843,1.408773521158595
2023-09-23_230923_150303,100,87,1150.0,25259,8144.273066666667,0.8691452176676199,0.19828408007626308,3.1014431605174733,1.1248661640508089,1.7517764291885451,1.3302116623807492
2023-09-23_230923_150303,114,90,1300.0,23901,8144.273066666667,0.7237368922783604,0.4891007308547825,2.934700224851662,1.4660771542447404,1.6569449653576276,12.431914527387908
2023-09-23_230923_150303,139,27,1825.0,150642,8144.273066666667,0.5684143628852876,0.3536066094693358,18.496678434881556,1.5359099229693287,2.0786382917978643,0.3541001335891179
2023-09-23_230923_150303,236,124,3000.0,30751,8144.273066666667,0.9782014617095646,0.34369240546552293,3.775782043195408,1.8446225641547405,3.78894295628587,1.9771129343476925
2023-09-23_230923_150303,251,65,50.0,63346,8144.273066666667,0.8757546870034953,0.27759771210676853,7.777980856175615,1.2617812516470686,1.479331180531325,1.3571146088941128
2023-09-23_230923_150303,256,3,3025.0,47649,8144.273066666667,1.2756275818239595,0.22141722275182713,5.8506142426658645,2.237234207936336,2.676250216948231,6.657394670143603
2023-09-23_230923_150303,257,125,3050.0,43762,8144.273066666667,0.9319351763584366,0.40317762948840186,5.373346355380881,1.224538410457372,1.182701039064054,1.661118489824641
2023-09-23_230923_150303,265,120,2800.0,65132,8144.273066666667,1.0641245630759453,0.1982840800762633,7.997276057279547,1.345722831348252,1.390438422615123,1.6279074097313373
2023-09-23_230923_150303,266,119,2750.0,105287,8144.273066666667,0.9088020336828726,0.3998728948204641,12.92773451211066,2.0202148198668843,1.3705384243628296,2.855577770924636
2023-09-23_230923_150303,268,6,2875.0,49856,8144.273066666667,0.879059421671433,0.2974261201143949,6.121602209539536,1.9027572651543856,1.4502665865103013,4.835493708628895
2023-09-23_230923_150303,271,119,2750.0,33868,8144.273066666667,0.13879885605338427,0.07600889736256751,4.1585049669585405,1.4046843339255186,1.514880547652264,1.56404684836932
2023-09-23_230923_150303,273,57,325.0,84426,8144.273066666667,0.17515093740069917,0.11236097870988242,10.366302714669947,1.7516483964417153,2.3071389936647297,0.42655417381201494
2023-09-23_230923_150303,277,4,2975.0,2940,8144.273066666667,0.7171274229424849,0.2511598347632666,0.3609898607197977,2.271383683258918,3.2744017919819735,57.170226791748576
2023-09-23_230923_150303,284,13,2525.0,10975,8144.273066666667,0.11897044804575797,0.04626628535112805,1.3475726943536668,1.079364528407348,1.1486634899552215,1.6283822900511167
2023-09-23_230923_150303,285,12,2575.0,40208,8144.273066666667,0.892278360343184,0.2676835081029554,4.936966095177424,1.3919436090552162,1.275811682290747,2.0706821295733127
2023-09-23_230923_150303,286,14,2475.0,58512,8144.273066666667,0.8162694629806165,0.28751191611058147,7.184434942325444,1.3226014684236513,1.3667815934627856,1.399343875034739
2023-09-23_230923_150303,289,19,2225.0,5949,8144.273066666667,0.7105179536066095,0.3073403241182078,0.7304519324564887,1.7435619846699286,1.8490234007963877,17.29384243987319
2023-09-23_230923_150303,290,21,2125.0,38168,8144.273066666667,0.832793136320305,0.34038767079758514,4.686483334677972,1.2577988110754768,1.4538794075780033,1.3462329125406456
2023-09-23_230923_150303,291,108,2200.0,366086,8144.273066666667,0.6543374642516683,0.41639656816015247,44.95011365696186,0.9853488181594795,0.7686012991979949,0.20602606782419708
2023-09-23_230923_150303,296,21,2125.0,332292,8144.273066666667,0.7733079122974261,0.3932634254845887,40.800694829354775,2.742934509791562,1.46660223121614,1.125973947531233
2023-09-23_230923_150303,297,111,2350.0,136913,8144.273066666667,0.8129647283126787,0.3800444868128378,16.810954013853628,2.023254849944041,1.6927907571908694,2.730726454376224
2023-09-23_230923_150303,299,92,1400.0,88181,8144.273066666667,0.7898315856371148,0.2974261201143946,10.827362893922613,2.483970743519528,2.034882766871131,0.9145948780919206
2023-09-23_230923_150303,300,37,1325.0,177471,8144.273066666667,0.28751191611058147,0.1255799173816333,21.790895092450075,2.965177312885396,2.0142056396336985,4.0616795063212345
2023-09-23_230923_150303,301,44,975.0,289331,8144.273066666667,0.8096599936447411,0.29412138544645694,35.52569979317,1.494465341445947,1.0323589869889815,0.901441191131749
2023-09-23_230923_150303,302,4,2975.0,28854,8144.273066666667,0.7435653002859867,0.3536066094693358,3.5428576330643007,1.6931221623560342,1.6300050237111807,5.4006041094209385
2023-09-23_230923_150303,305,102,1900.0,184906,8144.273066666667,0.9121067683508103,0.2709882427708931,22.703806525937047,1.6233521733310619,1.15955474208092,1.5777108921313725
2023-09-23_230923_150303,310,23,2025.0,4898,8144.273066666667,0.3436924054655228,0.15201779472513502,0.6014041965325065,1.1742404209449298,1.891125917655516,2.244399586277806
2023-09-23_230923_150303,311,24,1975.0,36533,8144.273066666667,0.3073403241182079,0.15862726406101046,4.485728769277677,3.1762280694951635,2.383907013241212,6.041398004536411
2023-09-23_230923_150303,312,34,1475.0,53113,8144.273066666667,0.7369558309501112,0.24455036542739114,6.521515126670278,2.6479359590454172,2.328487288663164,1.3474793637531486
2023-09-23_230923_150303,316,99,1750.0,190778,8144.273066666667,0.8526215443279314,0.48579599618684477,23.424803962041352,1.5653247016300866,1.0989677403277256,0.6608759359930382
2023-09-23_230923_150303,317,17,2325.0,45179,8144.273066666667,0.7997457896409279,0.33708293612964746,5.54733364539447,1.3407219388223544,1.4086758413775355,1.6255774407838584
2023-09-23_230923_150303,318,55,425.0,214597,8144.273066666667,0.8988878296790594,0.42300603749602816,26.34943576220627,2.595343552624065,1.4075435049899274,1.749583404417945
2023-09-23_230923_150303,320,23,2025.0,243581,8144.273066666667,0.7799173816333016,0.27098824277089284,29.908255531969065,1.2137998283423845,1.058127123975803,0.7886190730483063
2023-09-23_230923_150303,321,16,2375.0,184027,8144.273066666667,0.8261836669844296,0.3602160788052115,22.595877924721844,1.565855562442522,1.1855402519041722,1.65948877331613
2023-09-23_230923_150303,327,104,2000.0,460254,8144.273066666667,0.8427073403241182,0.33047346679377204,56.5125943386836,1.2462879257451118,1.0358352697809419,0.471843869820139
2023-09-23_230923_150303,329,34,1475.0,119375,8144.273066666667,0.8526215443279314,0.26768350810295516,14.657538987559814,5.261814102889655,1.7123229690159445,3.8605064271857654
2023-09-23_230923_150303,331,31,1625.0,208271,8144.273066666667,0.9154115030187481,0.31064505878614573,25.57269363332415,2.5094890703014974,1.3558621834527462,1.516686433407291
2023-09-23_230923_150303,341,42,1075.0,168999,8144.273066666667,0.9253257070225611,0.2875119161105817,20.750654922375883,1.5442609429093421,1.1584027960610386,1.2337839856371315
2023-09-23_230923_150303,343,40,1175.0,39329,8144.273066666667,0.750174769621862,0.26107403876707974,4.829037493962219,1.7152408667878802,1.4467306928767176,3.8253706966354004
2023-09-23_230923_150303,344,40,1175.0,11792,8144.273066666667,0.3304734667937719,0.2181124880838894,1.4478885842203588,2.1672858263051378,2.6653649819897227,5.925784115120388
2023-09-23_230923_150303,345,53,525.0,194466,8144.273066666667,0.7997457896409279,0.4097870988242773,23.87763750161095,2.0373762375870967,1.306130646765068,2.037383549656833
2023-09-23_230923_150303,346,50,675.0,225168,8144.273066666667,0.7237368922783604,0.3271687321258341,27.647403047127693,1.288706077047065,1.0866081359321738,0.9865224172042155
2023-09-23_230923_150303,347,75,550.0,63388,8144.273066666667,0.8691452176676199,0.1255799173816333,7.783137854185898,1.296830788852596,1.6155987756304364,1.394601202292812
2023-09-23_230923_150303,349,39,1225.0,153341,8144.273066666667,0.832793136320305,0.3800444868128378,18.828076949875683,3.0494309743124632,1.7792581854642509,2.5774424681034898
2023-09-23_230923_150303,352,49,725.0,270178,8144.273066666667,0.26768350810295527,0.2181124880838894,33.17398591481412,3.6682351943131373,1.6011040423795808,1.307030721386157
2023-09-23_230923_150303,353,49,725.0,143765,8144.273066666667,0.8228789323164919,0.31725452812202093,17.652281403531198,1.8502604917898717,1.4015204239295074,1.4950229631020089
2023-09-23_230923_150303,354,78,700.0,110845,8144.273066666667,0.8757546870034953,0.2676835081029554,13.610177248804755,1.5385529109073077,1.7449122441309641,1.3114780838184539
2023-09-23_230923_150303,355,46,875.0,137956,8144.273066666667,0.43952971083571657,0.22472195741976483,16.939019464442318,4.050059196793791,1.9585087085996469,3.191966682581371
2023-09-23_230923_150303,358,59,225.0,51232,8144.273066666667,1.2855417858277727,0.052875754687003486,6.290555287209754,1.858251444746238,3.5447877902470055,2.1660741335360143
2023-09-24_230924_113501,77,42,1075.0,19424,10434.2784,0.9682872577057514,0.2577693040991422,1.8615566170824043,1.2695678160056412,1.3847109460642764,1.4782186066021137
2023-09-24_230924_113501,143,106,2100.0,26292,10434.2784,0.8030505243088656,0.3205592627899589,2.51977175537122,1.3650146935298313,1.4593080579278455,3.196026428165889
2023-09-24_230924_113501,149,20,2175.0,20804,10434.2784,1.0079440737210041,0.13879885605338438,1.9938130077111995,1.4342453495600562,1.4507982840486822,4.230549703914898
2023-09-24_230924_113501,179,8,2775.0,10341,10434.2784,0.29412138544645705,0.16854146806482362,0.99106038803795,2.7057476793558335,2.6398095458647433,15.221747784295433
2023-09-24_230924_113501,216,4,2975.0,12626,10434.2784,0.19828408007626322,0.04296155068319034,1.2100501362892522,1.2217788070916908,1.670401823711382,3.151516741398736
2023-09-24_230924_113501,219,125,3050.0,91942,10434.2784,0.634509056244042,0.386653956148713,8.811534106661368,1.801580869256089,1.7704752574346745,1.8398745896373228
2023-09-24_230924_113501,221,122,2900.0,126736,10434.2784,0.8195741976485542,0.19497934540832537,12.146120233863034,1.5440740908190798,1.5128832128226943,1.3330850536842007
2023-09-24_230924_113501,222,117,2650.0,217853,10434.2784,0.6179853829043533,0.3734350174769621,20.878588020039796,1.2950350869821237,1.221898305624764,0.6120285230325365
2023-09-24_230924_113501,224,21,2125.0,34601,10434.2784,0.24124563075945352,0.12227518271369557,3.3160894001064802,2.0139566155280004,2.1233374408035908,4.9898613995314625
2023-09-24_230924_113501,226,18,2275.0,76426,10434.2784,0.7369558309501112,0.30073085478233236,7.324512253765436,2.1723662371723056,1.5241325102534298,2.8676449826806345
2023-09-24_230924_113501,230,21,2125.0,3018,10434.2784,0.20158881474420093,0.03304734667937718,0.2892389760273217,1.1440381117104088,1.356143352161703,11.238489639138209
2023-09-24_230924_113501,232,14,2475.0,97141,10434.2784,0.6939942802669209,0.3205592627899586,9.30979568266072,2.6143856275224864,1.7250125184043836,3.1205438919630692
2023-09-24_230924_113501,233,119,2750.0,137361,10434.2784,0.6543374642516683,0.25446456943120427,13.164398603740533,1.7224404717936577,1.5870853591973488,1.139748884817533
2023-09-24_230924_113501,235,7,2825.0,260245,10434.2784,0.6873848109310455,0.3337782014617095,24.941350999413626,2.0991080354340688,1.507120475211683,1.3697836275851143
2023-09-24_230924_113501,237,11,2625.0,193914,10434.2784,0.5849380362249762,0.5221480775341595,18.584322994487096,1.78345685485515,1.6149571619433316,1.0329484824721926
2023-09-24_230924_113501,238,24,1975.0,40674,10434.2784,0.39656816015252633,0.2511598347632666,3.8981133568374027,2.1516618626259656,2.1414634943814117,4.477340285049324
2023-09-24_230924_113501,239,98,1700.0,81497,10434.2784,0.8988878296790594,0.2148077534159519,7.810506570344146,1.8789309585458562,1.5138420184426444,2.4948085723072313
2023-09-24_230924_113501,240,30,1675.0,89468,10434.2784,0.18836987607245004,0.04296155068319034,8.574430983171775,2.6190113165805986,1.712846837539703,3.407034827854382
2023-09-24_230924_113501,242,24,1975.0,189156,10434.2784,1.10047664442326,0.2280266920877028,18.128325960710423,3.8732144887169397,1.8813251327086362,3.0259848891085612
2023-09-24_230924_113501,243,39,1225.0,57763,10434.2784,0.6972990149348587,0.280902446774706,5.535888327457316,1.5104099161607942,1.3187490173973302,2.7566824628488136
2023-09-24_230924_113501,245,26,1875.0,74312,10434.2784,0.7766126469653638,0.3073403241182078,7.1219107973963975,1.9202451666211497,1.5737860684829141,2.6349992893643046
2023-09-24_230924_113501,247,30,1675.0,34492,10434.2784,0.18836987607245004,0.0363520813473149,3.30564306200609,1.9885796787672692,1.7491149102950239,5.75726141877316
2023-09-24_230924_113501,248,106,2100.0,29041,10434.2784,0.7832221163012394,0.2842071814426438,2.7832303190223486,1.3116683343728581,1.3978513799477754,2.7982231337238193
2023-09-24_230924_113501,250,34,1475.0,225992,10434.2784,0.7204321576104227,0.2775977121067683,21.658613210857016,2.8817091049389,1.7354786534078879,1.792934680407523
2023-09-24_230924_113501,252,86,1100.0,126459,10434.2784,0.7006037496027964,0.19828408007626308,12.11957311777305,1.7050838352773363,9.049027849338657,1.5407367786818986
2023-09-24_230924_113501,262,85,1050.0,65420,10434.2784,0.7006037496027964,0.26768350810295516,6.269719619518682,1.3734819024949823,7.393956431381464,1.6157394410605643
2023-09-24_230924_113501,263,31,1625.0,123107,10434.2784,1.05751509374007,0.18506514140451244,11.798324261694992,2.0444790493134346,1.4740524349374873,2.3289291697059475
2023-09-24_230924_113501,264,42,1075.0,34797,10434.2784,0.8757546870034953,0.22141722275182713,3.334873641094338,1.392147397729472,1.4967825906725958,1.6910244716935259
2023-09-24_230924_113501,266,82,900.0,86197,10434.2784,0.7733079122974261,0.19497934540832537,8.26094500219584,1.4811420035241052,3.78125775403513,1.6825844194964066
2023-09-24_230924_113501,267,37,1325.0,213333,10434.2784,0.6873848109310455,0.30073085478233236,20.44540042174838,1.3542618752478044,1.1144475782294274,0.9080767939994341
2024-03-27_240327_114515,186,30,1675.0,12486,10575.620266666667,0.20489354941213864,0.052875754687003486,1.180639970532477,1.3898646570395086,4.159356881631977,7.157987636680607
2024-03-27_240327_114515,189,98,1700.0,11330,10575.620266666667,0.2742929774388307,0.1090562440419447,1.0713319610870546,1.172125204057621,1.3739186547171875,4.246294834843091
2024-03-27_240327_114515,191,98,1700.0,49468,10575.620266666667,0.26768350810295527,0.08922783603431839,4.677550701770028,2.1791268667822647,1.7951731583033759,3.854838547962214
2024-03-27_240327_114515,197,100,1800.0,180551,10575.620266666667,0.11566571337782025,0.07600889736256751,17.07237925032911,4.0615857610882955,2.5030999871791124,1.828180403964273
2024-03-27_240327_114515,329,64,0.0,46604,10575.620266666667,0.7171274229424849,0.23133142675564025,4.406739162797979,1.5089003829944092,1.9397659355031092,2.4290905056077854
2024-03-27_240327_114515,334,124,3000.0,17816,10575.620266666667,0.24785510009532896,0.1421035907213219,1.684629322041215,1.1584895286519774,1.2778772948585158,2.9311746973584905
2024-03-27_240327_114515,336,124,3000.0,51061,10575.620266666667,0.5915475055608517,0.23133142675564025,4.828180164613071,1.2949566600163718,1.30016109332345,2.037154962413277
2024-03-27_240327_114515,337,124,3000.0,20179,10575.620266666667,0.2511598347632667,0.05618048935494121,1.9080677531134753,1.2467764855764476,1.2943610159528176,3.700618643668022
2024-03-27_240327_114515,339,122,2900.0,15592,10575.620266666667,0.18836987607245004,0.06939942802669208,1.4743343280908523,1.1336078444294875,1.254030810498029,2.7508718240208245
2024-03-27_240327_114515,343,116,2600.0,15118,10575.620266666667,0.2577693040991421,0.11566571337782013,1.4295142619341652,1.1074782509117818,1.2256870597709906,2.46134739756048
2024-03-27_240327_114515,344,121,2850.0,40071,10575.620266666667,0.17515093740069917,0.059485224022878924,3.788997618068788,1.3370287377089372,1.3449585217452353,2.4814487930055416
2024-03-27_240327_114515,345,121,2850.0,32029,10575.620266666667,0.5783285668891008,0.22141722275182713,3.0285694070306506,1.1640318604117432,1.2437241551103144,1.8676969714969738
2024-03-27_240327_114515,348,110,2300.0,113041,10575.620266666667,0.7997457896409279,0.3271687321258341,10.688829321557083,1.1429585098937824,1.132037036530653,1.0102456727954747
2024-03-27_240327_114515,349,111,2350.0,69117,10575.620266666667,0.6444232602478551,0.25446456943120427,6.535503191037419,1.1641922541448384,1.164846658347338,1.2560551684635013
2024-03-27_240327_114515,350,114,2500.0,101943,10575.620266666667,0.6510327295837305,0.280902446774706,9.63943460804039,1.327994853356048,1.2588768918093,1.3677892011562616
2024-03-27_240327_114515,351,17,2325.0,21419,10575.620266666667,0.26768350810295527,0.12227518271369557,2.025318559092994,1.2636893349385057,1.3291630262536676,3.832307548569159
2024-03-27_240327_114515,352,114,2500.0,15659,10575.620266666667,0.270988242770893,0.1421035907213219,1.4806696538978101,1.1165992509111426,1.2096796984772398,2.7880337568552047
2024-03-27_240327_114515,357,109,2250.0,34292,10575.620266666667,0.22472195741976494,0.08592310136638068,3.2425521279432727,1.5658059878149513,1.6406873800123738,4.072756359170457
2024-03-27_240327_114515,358,119,2750.0,89592,10575.620266666667,0.6047664442326025,0.29412138544645694,8.471559846223425,1.340068930004783,1.2509218318931374,1.6756247153852197
2024-03-27_240327_114515,361,106,2100.0,298590,10575.620266666667,0.528757546870035,0.29412138544645694,28.23380496566493,1.9361477871855592,1.2582266120437569,1.036109739484662
2024-03-27_240327_114515,371,31,1625.0,110222,10575.620266666667,0.24455036542739125,0.11897044804575785,10.42227285215687,1.7796912802001907,1.5280834072456688,1.8139506148742572
2024-03-27_240327_114515,372,95,1550.0,7540,10575.620266666667,0.2346361614235781,0.09583730537019382,0.7129605460367513,1.2631865673880411,1.7119327345479944,4.435796086571849
2024-03-27_240327_114515,376,34,1475.0,10091,10575.620266666667,1.1401334604385132,0.11236097870988242,0.9541757122091322,1.1372648343697302,1.3644054988134104,3.435816706868547
2024-03-27_240327_114515,377,93,1450.0,49889,10575.620266666667,0.5849380362249762,0.19497934540832537,4.717359241542106,1.5977390560444888,1.5259215426611157,2.2787284063492925
2024-03-27_240327_114515,378,92,1400.0,23451,10575.620266666667,0.39656816015252633,0.16854146806482362,2.2174585895368506,2.874113167723746,2.127008343152196,22.381565652234972
2024-03-27_240327_114515,380,81,850.0,8008,10575.620266666667,0.3602160788052114,0.10575150937400697,0.75721326958386,1.1435592472129408,1.4395682644360952,4.726066878760093
2024-03-27_240327_114515,381,91,1350.0,37138,10575.620266666667,0.740260565618049,0.22472195741976483,3.5116616390865873,1.2587744631463802,1.3570180636311249,1.9911144350059926
2024-03-27_240327_114515,382,90,1300.0,131205,10575.620266666667,0.14210359072132198,0.1255799173816333,12.40636451495384,1.6785258369781078,1.6348122054388117,0.13140671233445975
2024-03-27_240327_114515,384,68,200.0,135791,10575.620266666667,0.6312043215761043,0.17515093740069906,12.840003382874867,1.8503507296887975,1.6026382729132733,1.7355981057628087
2024-03-27_240327_114515,390,79,750.0,20192,10575.620266666667,0.15201779472513516,0.04957102001906577,1.9092969954342285,2.000333801444332,9.131202188106581,14.079739045899112
2024-03-27_240327_114515,391,79,750.0,13449,10575.620266666667,0.46266285351128067,0.15862726406101046,1.2716984593697969,2.969640082119678,5.163977421329551,45.63706946093433
2024-03-27_240327_114515,392,88,1200.0,144323,10575.620266666667,0.6543374642516683,0.21150301874801394,13.646764573695233,1.5621794322992415,1.3716557856399099,1.2120787334424372
2024-03-27_240327_114515,394,89,1250.0,170532,10575.620266666667,0.5386717508738481,0.20489354941213853,16.125011649434917,2.1443177449973296,1.4362138328746563,1.613877640066045
2024-03-27_240327_114515,396,41,1125.0,28368,10575.620266666667,0.2148077534159518,0.08261836669844294,2.6823958580862812,1.8653400542224599,2.134978431361016,4.299878674856858
2024-03-27_240327_114515,397,86,1100.0,95926,10575.620266666667,0.6312043215761043,0.28751191611058147,9.070484527734934,1.6864541826271813,1.4910486963249991,2.1169671628662408
2024-03-27_240327_114515,398,43,1025.0,14785,10575.620266666667,0.26107403876707985,0.11236097870988242,1.3980267471025687,1.1530614469613971,1.4648810908086365,2.5732704886778195
2024-03-27_240327_114515,405,65,50.0,231084,10575.620266666667,0.7237368922783604,0.17184620273276136,21.850633265299287,1.4732039371741477,1.3033441734609912,1.2561052924520728
2024-03-27_240327_114515,407,66,100.0,179764,10575.620266666667,0.6411185255799174,0.26107403876707974,16.99796281137275,1.7570438783639521,1.6360463132597312,1.523814201883383
2024-03-27_240327_114515,408,67,150.0,16268,10575.620266666667,0.8394026056561805,0.17515093740069906,1.5382549287700094,2.049970475713499,24.599054334071127,2.3909998363084854
2024-03-27_240327_114515,410,67,150.0,10438,10575.620266666667,0.6278995869081665,0.18176040673657448,0.9869870264630782,1.4883867568030387,7.289027646818737,1.9852454381034232
2024-03-27_240327_114515,411,67,150.0,101926,10575.620266666667,0.703908484270734,0.23133142675564025,9.63782713731325,1.5451140520321673,1.4585381542372546,1.6745873470604424
2024-03-27_240327_114515,414,69,250.0,330514,10575.620266666667,0.7138226882745472,0.17184620273276136,31.25244587702796,2.6494881634657377,1.7524015539935804,1.6697622266134244
2024-03-27_240327_114515,416,73,450.0,77693,10575.620266666667,0.7171274229424849,0.2379408960915157,7.346424894328027,1.5567983958130838,1.5476116118757928,1.7112683849120307
2024-03-27_240327_114515,421,52,575.0,64790,10575.620266666667,0.6807753415951701,0.17184620273276136,6.126354612429856,1.6378032474242983,1.4693336205709937,1.7922613964746013
2024-03-27_240327_114515,430,52,575.0,61333,10575.620266666667,0.19167461074038775,0.07600889736256751,5.799470712211149,2.1317567723092083,3.583136120518221,2.48555598015081
2024-03-27_240327_114515,431,76,600.0,119181,10575.620266666667,0.7435653002859867,0.19167461074038764,11.269409925358893,1.5748213908444364,1.485509989725769,1.5853864566634124
2024-03-27_240327_114515,432,51,625.0,15585,10575.620266666667,0.3040355894502702,0.12227518271369557,1.4736724283796776,1.3055038254108888,1.445472366952026,6.092308868076199
2024-03-27_240327_114515,433,74,500.0,146324,10575.620266666667,0.7336510962821735,0.18836987607244993,13.835973333989601,2.0010805870107435,1.6301356654491392,1.6850023375519867
2024-03-27_240327_114515,434,77,650.0,48344,10575.620266666667,0.6708611375913568,0.20819828408007623,4.57126851957569,2.0577241667766524,2.7513524249119663,5.04022136091439
2024-03-27_240327_114515,435,78,700.0,141434,10575.620266666667,0.727041626946298,0.24455036542739114,13.373589107183273,1.679763121636862,1.554026464229058,1.4590582580331484
2024-03-27_240327_114515,436,82,900.0,51215,10575.620266666667,0.46266285351128067,0.21480775341595165,4.842741958258915,2.6495528562139192,2.464321640274365,18.507365268118395
2024-03-27_240327_114515,438,49,725.0,41010,10575.620266666667,0.657642198919606,0.26107403876707974,3.8777867364677943,0.9920303857165187,2.007014107848749,0.45589496414838426
2024-03-27_240327_114515,439,82,900.0,176397,10575.620266666667,0.6477279949157928,0.2511598347632666,16.67958905029772,1.776445186437616,1.4858803661366176,1.783860659881435
2024-03-27_240327_114515,440,80,800.0,129319,10575.620266666667,0.6642516682554814,0.2412456307594534,12.228029821343055,1.882546556314545,1.6148630240829829,1.8140424428160136
2024-03-27_240327_114515,442,45,925.0,23561,10575.620266666667,0.2181124880838895,0.08592310136638068,2.2278598707124533,1.577094745533706,2.3096826501707186,1.5709679256751767
2024-03-27_240327_114515,443,84,1000.0,180519,10575.620266666667,0.6245948522402288,0.24455036542739114,17.069353423078024,1.8977290393004522,1.5067329913204912,1.4330008680030035
2024-04-06_240406_132530,140,89,1250.0,26883,9575.04,0.15201779472513516,0.09914204003813154,2.8076122919590936,1.3926743423221928,1.8153285947905302,0.08806229185144694
2024-04-06_240406_132530,306,12,2575.0,29260,9575.04,1.1930092151255167,0.11897044804575785,3.0558619076264955,1.091473366540015,1.1240436976496668,1.2419440354513847
2024-04-06_240406_132530,394,121,2850.0,88191,9575.04,0.9947251350492532,0.3007308547823326,9.21050982554642,1.2880481394035785,9.160185898465338,1.3826201834276075
2024-04-06_240406_132530,398,118,2700.0,12271,9575.04,0.2742929774388307,0.40978709882427705,1.2815612258538867,1.0522687352400417,3.7614451551935533,1.8501407570830195
2024-04-06_240406_132530,399,115,2550.0,51699,9575.04,0.6741658722592946,0.2412456307594534,5.399350812111489,1.1728037220066323,7.976592321873856,1.4945455654966608
2024-04-06_240406_132530,402,11,2625.0,55066,9575.04,0.6411185255799174,0.21480775341595165,5.750994251721141,1.211336264794613,5.120910601058252,1.6452637856924979
2024-04-06_240406_132530,404,121,2850.0,17821,9575.04,0.353606609469336,0.37673975214489985,1.8611932691664994,1.0991613051343334,1.1369396399154619,2.156751051660772
2024-04-06_240406_132530,407,126,3100.0,88918,9575.04,0.7865268509691771,0.2908166507785192,9.286436401310072,1.4210229633345992,4.5174080977848465,1.758949293727044
2024-04-06_240406_132530,409,122,2900.0,137544,9575.04,0.8162694629806165,0.26107403876707974,14.364848606376578,1.5929106389919143,9.849225300059436,1.5381077306328774
2024-04-06_240406_132530,410,114,2500.0,119165,9575.04,0.8294884016523674,0.39656816015252644,12.44537881826081,1.3745061365316253,11.813443358576631,1.19136956359966
2024-04-06_240406_132530,411,31,1625.0,71822,9575.04,0.9484588496981252,0.37343501747696234,7.50096083149522,1.6383054503834658,1.3685665683536288,2.1518708159106392
2024-04-06_240406_132530,419,122,2900.0,8923,9575.04,0.26437877343501753,0.1090562440419447,0.9319021121582781,1.1004662413471336,1.1296841289316926,3.3031588141021664
2024-04-06_240406_132530,420,8,2775.0,56122,9575.04,0.7006037496027964,0.17845567206863677,5.8612809972595405,1.2779869100913408,7.377043071854291,1.7848788741049777
2024-04-06_240406_132530,425,17,2325.0,140932,9575.04,1.1930092151255167,0.12227518271369557,14.718685248312278,1.5420611251957226,12.563391987491553,1.2915101813388343
2024-04-06_240406_132530,434,29,1725.0,97116,9575.04,1.090562440419447,0.33708293612964746,10.142620814116702,2.1346277874796873,14.471403683013536,2.3316604964511654
2024-04-06_240406_132530,436,76,600.0,81289,9575.04,0.8030505243088656,0.3899586908166509,8.489677327718734,1.6429648989533434,7.366753891438553,1.8565359682737343
2024-04-06_240406_132530,440,40,1175.0,123825,9575.04,1.1930092151255167,0.12227518271369557,12.9320608582314,1.647123662163238,9.83399700346632,1.444447706556916
2024-04-06_240406_132530,441,47,825.0,193166,9575.04,0.9517635843660629,0.37013028280902466,20.17391050063498,2.2142147814313793,12.209683100754013,1.6039173839369616
2024-04-06_240406_132530,443,45,925.0,104752,9575.04,0.8988878296790594,0.4163965681601527,10.940110955150056,1.5806062984620943,4.240734172984935,1.5177434363029814
2024-04-06_240406_132530,444,23,2025.0,239798,9575.04,0.8988878296790594,0.31725452812202115,25.04407292293296,1.4060819159868605,1.090854755266602,0.7945855455063865
2024-04-06_240406_132530,446,42,1075.0,117647,9575.04,0.8228789323164919,0.43952971083571674,12.28684162154936,1.8439687412898533,10.281436261992376,1.846230581696638
2024-04-06_240406_132530,447,36,1375.0,66151,9575.04,1.189704480457579,0.15201779472513502,6.908691765256332,1.487946095792469,1.3331347027036184,1.9492139548293197
2024-04-06_240406_132530,449,32,1575.0,3204,9575.04,0.2379408960915158,0.10244677470606926,0.3346200120312813,1.1151021536395433,1.2133587203269114,14.193777637317947
2024-04-06_240406_132530,450,96,1600.0,13036,9575.04,0.2181124880838895,0.128884652049571,1.3614564534456253,2.7027614262812687,2.0855676130164147,51.8366776030173
2024-04-06_240406_132530,456,40,1175.0,155832,9575.04,0.8030505243088656,0.4924054655227202,16.274814517746137,2.1007190495166714,1.4531105996606053,1.694970725228813
2024-04-06_240406_132530,457,20,2175.0,183932,9575.04,0.8195741976485542,0.3800444868128378,19.209528106409998,1.1945057499681029,1.4536070804021808,0.6341030479761487
2024-04-06_240406_132530,458,37,1325.0,94460,9575.04,0.9286304416904989,0.40648236415633954,9.865232938974666,1.7773303024088003,13.613658213537686,1.6079172644707773
2024-04-06_240406_132530,459,57,325.0,51038,9575.04,0.8261836669844296,0.21480775341595165,5.330317157943988,1.406266186756665,1.882465219746795,1.8036865267038862
2024-04-06_240406_132530,460,44,975.0,120693,9575.04,0.6312043215761043,0.386653956148713,12.604960397032283,1.9900351796486684,10.857302978132415,1.9912247547994728
2024-04-06_240406_132530,462,34,1475.0,122372,9575.04,0.24124563075945352,0.08922783603431839,12.780312144910098,1.4683433372998942,1.4490547062801504,1.2055301784185488
2024-04-06_240406_132530,463,19,2225.0,301726,9575.04,0.6278995869081665,0.41309183349221473,31.51172214424169,1.7380585049333837,27.064541594061392,1.0537148749184455
2024-04-06_240406_132530,464,55,425.0,193200,9575.04,0.832793136320305,0.38665395614871323,20.17746139963906,2.453021828324928,9.714606734779231,2.006002010430737
2024-04-06_240406_132530,465,53,525.0,110091,9575.04,0.7468700349539243,0.42300603749602816,11.497706536996189,1.7551032343454391,13.04101238869414,1.5418436197887655
2024-04-06_240406_132530,466,51,625.0,153452,9575.04,1.0277724817286304,0.307340324118208,16.02625158746073,2.103621567479381,10.164312564285721,1.6882485002990495
2024-04-06_240406_132530,470,58,275.0,72098,9575.04,0.7006037496027964,0.2775977121067683,7.529785776351847,1.3715987089519217,1.3735899992363063,1.3574014690495189
2024-04-06_240406_132530,471,49,725.0,180084,9575.04,0.7006037496027964,0.3337782014617095,18.807649889713254,2.658264492178092,8.525006755122268,1.7615706822131914
2024-04-06_240406_132530,472,106,2100.0,224443,9575.04,0.7832221163012394,0.4296155068319036,23.440424269768062,1.5007413362809419,24.349375061481386,0.8742621363632769
2024-04-06_240406_132530,475,56,375.0,184644,9575.04,0.8460120749920559,0.3337782014617097,19.283888109083616,2.2320957568026047,11.528551168853024,1.3973161318040663
2024-04-06_240406_132530,477,57,325.0,70053,9575.04,0.19167461074038775,0.18176040673657448,7.3162096450772,2.686887677397855,2.5805319066405596,1.103617182974885
2024-04-06_240406_132530,481,35,1425.0,121865,9575.04,0.8427073403241182,0.37013028280902466,12.727361974466946,2.210530959278549,15.567919415336922,2.2604839680879047
2024-04-08_240408_123252,46,79,750.0,321028,14304.213333333333,0.1288846520495711,0.09583730537019382,22.44289794335655,3.11772638002032,2.5746290747738807,0.48253607448601515
2024-04-08_240408_123252,57,81,850.0,196544,14304.213333333333,0.18506514140451233,0.1090562440419447,13.74028724403812,4.673063775354211,2.930673239443528,0.7489234397103551
2024-04-08_240408_123252,60,82,900.0,164043,14304.213333333333,0.98481093104544,0.3668255481410869,11.468159497994064,1.2217509786376102,1.4732099172150102,0.995548058801581
2024-04-08_240408_123252,105,33,1525.0,44460,14304.213333333333,0.5750238322211632,0.386653956148713,3.108175120430717,2.0427134622930625,2.289618347599255,3.6260704528235537
2024-04-08_240408_123252,110,95,1550.0,59895,14304.213333333333,0.12227518271369568,0.1090562440419447,4.187227819122757,3.2115464663189477,2.984097993027255,1.6939129631513574
2024-04-08_240408_123252,147,20,2175.0,8045,14304.213333333333,1.153352399110264,0.15532252939307276,0.5624217013914782,1.0297739365410323,1.1106191992974022,1.1067419481659395
2024-04-08_240408_123252,157,18,2275.0,187284,14304.213333333333,0.8360978709882427,0.3271687321258343,13.09292553429479,1.102102821688105,1.103675802325699,0.8601486596053625
2024-04-08_240408_123252,236,114,2500.0,298064,14304.213333333333,0.832793136320305,0.30073085478233236,20.837496830770608,1.548220031697042,1.2735819911742714,1.5217635100503786
2024-04-08_240408_123252,237,113,2450.0,158527,14304.213333333333,0.8691452176676199,0.32386399745789657,11.082538851023848,1.3607314375006474,1.2951424031009682,1.2155071412934648
2024-04-08_240408_123252,240,26,1875.0,155254,14304.213333333333,0.8195741976485542,0.3337782014617097,10.853725149513057,1.613313785747683,1.3526386451616221,1.8437157123652752
2024-04-08_240408_123252,241,96,1600.0,251318,14304.213333333333,0.7072132189386718,0.41970130282809043,17.569508657589,2.6324585216152783,1.7469869893968981,2.176371931787662
2024-04-08_240408_123252,242,55,425.0,130294,14304.213333333333,0.7567842389577375,0.3337782014617095,9.108784731025636,1.71297135400601,1.5326523987543599,1.9262353273861974
2024-04-08_240408_123252,244,24,1975.0,406665,14304.213333333333,0.9649825230378137,0.27759771210676853,28.42973538798825,1.5355442149604688,1.1978492198449986,1.2348289584673262
2024-04-08_240408_123252,245,22,2075.0,57084,14304.213333333333,0.3304734667937719,0.15532252939307276,3.9907122936272392,1.475849567456012,1.3639784319640857,4.229770681436189
2024-04-08_240408_123252,250,58,275.0,321129,14304.213333333333,0.7832221163012394,0.36352081347314896,22.449958800017896,1.9432846178620184,1.7408978760155147,2.3751898934062807
2024-04-08_240408_123252,252,117,2650.0,198257,14304.213333333333,0.634509056244042,0.32386399745789635,13.860042169393447,1.4241096446917845,1.2669467291765784,0.9541260363451494
2024-04-08_240408_123252,254,99,1750.0,200266,14304.213333333333,0.45935811884334293,0.280902446774706,14.000490298429554,2.6525097602068697,1.718263031345455,2.5728954903783903
2024-04-08_240408_123252,255,60,175.0,395343,14304.213333333333,0.7072132189386718,0.29412138544645694,27.638220347198402,2.473096241922362,1.5829800383745456,1.636972381371117
2024-04-08_240408_123252,257,39,1225.0,419514,14304.213333333333,0.9253257070225611,0.2875119161105817,29.32800219236104,1.9244175450259895,1.3542613456211494,1.3149489353361037
2024-04-08_240408_123252,259,32,1575.0,222731,14304.213333333333,0.4527486495074675,0.17515093740069906,15.571006584540127,2.597600199193571,1.6734471037098289,2.6733514040548383
2024-04-08_240408_123252,261,46,875.0,294805,14304.213333333333,0.9550683190340006,0.3337782014617097,20.60966186186634,1.4637991117399818,1.250065733650097,1.163409778621848
2024-04-08_240408_123252,263,29,1725.0,12738,14304.213333333333,0.30073085478233247,0.10244677470606926,0.8905068529924982,1.1960803354781413,1.3019804548958362,5.6021062300520805
2024-04-08_240408_123252,264,29,1725.0,14382,14304.213333333333,0.2577693040991421,0.1454083253892596,1.0054380247871024,2.682796390270878,2.590868335055763,12.410801285438051
2024-04-08_240408_123252,266,49,725.0,272684,14304.213333333333,0.7006037496027964,0.280902446774706,19.063194434087485,2.320813485032374,1.7649057184391364,1.6346790252795032
2024-04-08_240408_123252,269,47,825.0,184504,14304.213333333333,0.7138226882745472,0.29412138544645694,12.898577202428003,1.352121739111657,1.340379376678137,1.166828564396963
2024-04-08_240408_123252,270,47,825.0,36101,14304.213333333333,0.5188433428662218,0.19497934540832537,2.523801844864357,2.053843784578809,2.1942873401069014,13.875020555439436
2024-04-08_240408_123252,271,20,2175.0,538535,14304.213333333333,0.727041626946298,0.2842071814426438,37.64869744671966,1.344204150430511,1.0782239343928544,0.9040700806353907
2024-04-08_240408_123252,275,57,325.0,137720,14304.213333333333,0.7700031776294883,0.2379408960915157,9.627932469314402,2.102563306571157,2.0381353494036207,2.274321583004236
2024-04-08_240408_123252,278,17,2325.0,492504,14304.213333333333,0.5783285668891008,0.2842071814426438,34.43069454594264,1.0825190063486403,1.0009007445669496,0.7931891290158686
2024-04-08_240408_123252,281,43,1025.0,808795,14304.213333333333,0.6675564029234191,0.3271687321258341,56.54243132093481,3.3015228373639305,1.7008325777617075,1.4027041626343753
2024-04-08_240408_123252,282,126,3100.0,252785,14304.213333333333,0.7105179536066095,0.30073085478233236,17.67206585285827,1.5541241249899533,1.2998272949617102,1.3449996943990905
2024-04-08_240408_123252,287,82,900.0,130898,14304.213333333333,0.7534795042897998,0.28751191611058147,9.151010052049932,1.3364833455509333,1.5779924329499464,0.07208442209594192
2024-04-08_240408_123252,288,82,900.0,168337,14304.213333333333,0.7733079122974261,0.39656816015252644,11.768350770309167,1.8108670641564313,2.5036177349517024,0.1705927781346884
2024-04-08_240408_123252,292,88,1200.0,347937,14304.213333333333,0.2346361614235781,0.06609469335875436,24.324091922566407,1.0178999473787942,1.2797404087697093,0.6381872369916766
2024-04-08_240408_123252,293,50,675.0,239817,14304.213333333333,0.6080711789005403,0.27098824277089284,16.765479821330032,2.1526994241166193,1.7523146399605547,1.524247549918616
2024-04-08_240408_123252,294,83,950.0,148530,14304.213333333333,0.6972990149348587,0.24785510009532885,10.38365386049425,1.9628993836234319,1.722891377711466,2.6131768938648166
2024-04-08_240408_123252,296,109,2250.0,29778,14304.213333333333,0.16523673339688602,0.09583730537019382,2.081764254075256,1.952478898041712,1.9645757052804806,4.1383428548299745
2024-04-08_240408_123252,297,110,2300.0,409012,14304.213333333333,0.4461391801715921,0.27098824277089284,28.593812918524705,1.1031794884118435,1.0353304018811658,0.0844239850574973
2024-04-08_240408_123252,298,37,1325.0,603615,14304.213333333333,0.5551954242135367,0.3106450587861455,42.19840587761555,4.462406582576893,1.8464168699736268,1.9512530653109077
2024-04-09_240409_134911,276,10,2675.0,21481,11126.843733333333,1.1599618684461392,0.026437877343501743,1.9305564556144632,1.0629838172341257,1.1152334830918433,1.812504959117578
2024-04-09_240409_134911,277,14,2475.0,22952,11126.843733333333,1.1665713377820148,0.03304734667937718,2.062759264897498,1.091823646161846,1.1288962117890864,2.2505744977332083
2024-04-09_240409_134911,280,40,1175.0,103069,11126.843733333333,0.7369558309501112,0.340387670797585,9.263094051660868,1.3260130656548763,1.411343151791568,1.0774348466382133
2024-04-09_240409_134911,288,107,2150.0,27685,11126.843733333333,0.20158881474420093,0.08922783603431839,2.488126971448555,1.259764977609246,1.238005769533444,2.8661325565472797
2024-04-09_240409_134911,290,19,2225.0,5581,11126.843733333333,0.19828408007626322,0.04626628535112805,0.5015797951112294,1.0519740577120373,1.0588837396911195,3.6489709731197992
2024-04-09_240409_134911,291,14,2475.0,47755,11126.843733333333,0.6642516682554814,0.22472195741976483,4.291872982536599,1.1945781596486278,1.1821031696383733,2.011139123419479
2024-04-09_240409_134911,293,7,2825.0,144032,11126.843733333333,0.6675564029234191,0.2775977121067683,12.944551343748538,1.477403435318788,1.2231628936111414,1.6144587882839363
2024-04-09_240409_134911,295,116,2600.0,17566,11126.843733333333,0.38004448681283765,0.10244677470606926,1.5787046552452706,1.1045677162050533,1.1475743935797578,2.577768303208546
2024-04-09_240409_134911,296,116,2600.0,32135,11126.843733333333,0.3205592627899588,0.17845567206863677,2.8880606908975732,1.8028996574496687,2.0166165741960542,1.3523180234149959
2024-04-09_240409_134911,297,42,1075.0,71772,11126.843733333333,0.7369558309501112,0.3073403241182078,6.4503467218640305,1.3474339163643914,1.3294038506984687,1.6792444850353387
2024-04-09_240409_134911,301,43,1025.0,91740,11126.843733333333,0.7303463616142358,0.2181124880838894,8.244925712865827,1.3357175016061693,1.3309880132120693,1.3986457093543885
2024-04-09_240409_134911,304,16,2375.0,55658,11126.843733333333,0.5419764855417859,0.23133142675564025,5.002137293728866,1.324858867068696,1.2478364907060773,2.658652999489652
2024-04-09_240409_134911,305,52,575.0,183757,11126.843733333333,0.750174769621862,0.257769304099142,16.51474617635803,1.4299619542573876,1.2817978968914845,1.492599974047583
2024-04-09_240409_134911,306,55,425.0,137895,11126.843733333333,0.7468700349539243,0.2379408960915157,12.393002301892668,1.3057747376364428,1.2139650797695098,1.5776220321706234
2024-04-09_240409_134911,307,25,1925.0,22084,11126.843733333333,0.7237368922783604,0.30073085478233236,1.9847497214184537,1.1940256062117165,1.20579241113353,2.930354512911488
2024-04-09_240409_134911,310,21,2125.0,6142,11126.843733333333,0.2511598347632667,0.03304734667937718,0.5519984055855888,1.034021694353571,1.1296457285000028,3.6039777143846243
2024-04-09_240409_134911,311,45,925.0,82554,11126.843733333333,0.8691452176676199,0.17515093740069906,7.419354668627922,1.4753734279472894,1.4247377501764094,1.7193650519349613
2024-04-09_240409_134911,312,66,100.0,221490,11126.843733333333,0.8592310136638067,0.15862726406101046,19.905914499047878,1.5227986402484173,1.2583299676179298,1.761787657976276
2024-04-09_240409_134911,314,48,775.0,182095,11126.843733333333,0.855926278995869,0.21480775341595165,16.36537767259977,1.602956478824334,1.290900724377169,1.4692251951985817
2024-04-09_240409_134911,316,108,2200.0,6710,11126.843733333333,0.17515093740069917,0.07931363203050523,0.6030461252815533,1.1009470133387753,1.2090916691673657,3.4655669795116792
2024-04-09_240409_134911,317,108,2200.0,60351,11126.843733333333,0.18836987607245004,0.08261836669844294,5.423910090442179,1.6638171953148269,1.4605651327758502,1.9452875293334004
2024-04-09_240409_134911,318,126,3100.0,648164,11126.843733333333,0.7303463616142358,0.24785510009532885,58.252278501787295,1.2394796154619945,1.0340076132235094,1.0106247226875422
2024-04-09_240409_134911,319,60,175.0,394815,11126.843733333333,0.8294884016523674,0.26768350810295516,35.48310818972228,1.4958609544249781,1.2168907604502677,1.3072369772038677
2024-04-09_240409_134911,320,62,75.0,162784,11126.843733333333,0.740260565618049,0.21480775341595165,14.629845075682917,1.496154511545847,1.2622202479316567,1.631806309215394
2024-04-09_240409_134911,321,81,850.0,14057,11126.843733333333,0.8625357483317445,0.16854146806482362,1.2633411897291797,1.119948375157918,1.2286961635443912,1.9207349802134006
2024-04-09_240409_134911,322,56,375.0,169915,11126.843733333333,0.8691452176676199,0.1454083253892596,15.270727627006726,1.1765286938657744,1.1271562404637083,1.379954789117207
